post_id,platform,post_date,post_time,content_type,caption,likes,comments,shares,impressions,reach,followers,engagement_rate,hashtags
YT_1001,YouTube,2025-10-03,11:15,Videos,System Design Interview: How to Design YouTube & Instagram at Global Scale #shorts #devlife #youtubeshorts #programming #pythonproject,5670,1327,1051,70719,58216,64308,11.38,#shorts #devlife #youtubeshorts #programming #pythonproject
IG_1002,Instagram,2025-10-03,18:10,Posts,Swipe to see our full Q3 social growth playbook + exact posting schedules 📅 #reelsviral #marketingtips #designinspiration,1395,217,160,22644,18901,28544,7.83,#reelsviral #marketingtips #designinspiration
YT_1003,YouTube,2025-10-04,15:45,Videos,System Design Interview: How to Design YouTube & Instagram at Global Scale #aitools #programming,1488,398,284,38618,28058,64545,5.62,#aitools #programming
IG_1004,Instagram,2025-10-04,10:30,Reels,AI coding agents just got 10x better. Here is what you need to know today! 🤖 #techtrends #webdev #codinglife,6409,1136,456,47215,38991,28538,16.95,#techtrends #webdev #codinglife
IG_1005,Instagram,2025-10-06,10:45,Reels,How we scaled our database queries to handle 1M+ analytics requests ⚙️ #codinglife #reelsviral #webdev #startup,1490,258,289,21812,16726,28754,9.34,#codinglife #reelsviral #webdev #startup
YT_1006,YouTube,2025-10-05,08:50,Videos,System Design Interview: How to Design YouTube & Instagram at Global Scale #systemdesign #youtubeshorts,4220,1324,488,90397,69102,64378,6.67,#systemdesign #youtubeshorts
IG_1007,Instagram,2025-10-05,10:10,Posts,Deep-dive: Why your engagement rate dropped and 4 actionable steps to fix it 📉➡️📈 #developercommunity #codinglife,2527,313,485,40777,36145,28555,8.15,#developercommunity #codinglife
YT_1008,YouTube,2025-10-07,23:45,Shorts,The difference between reach and impressions explained in 20 seconds! ⏱️ #careerintech #tutorial #code #devlife,3047,786,84,55134,38724,64400,7.1,#careerintech #tutorial #code #devlife
IG_1009,Instagram,2025-10-06,20:15,Reels,AI coding agents just got 10x better. Here is what you need to know today! 🤖 #digitalmarketing #reelsviral #webdev,2428,420,145,25304,21135,28806,11.83,#digitalmarketing #reelsviral #webdev
YT_1010,YouTube,2025-10-10,15:50,Shorts,Git stash explained in 15 seconds! Never lose your uncommitted changes again 💾 #programming #devlife,2892,803,693,65354,47448,64532,6.71,#programming #devlife
IG_1011,Instagram,2025-10-09,14:10,Posts,The ultimate guide to building accessible web applications (WCAG 2.2 compliant) 🌐 #digitalmarketing #learninpublic #developercommunity,1204,193,295,29113,25428,28870,5.81,#digitalmarketing #learninpublic #developercommunity
IG_1012,Instagram,2025-10-08,10:00,Images,Database indexing visualized: B-Trees explained simply 📚 #growthmindset #startup #designinspiration #buildinpublic,814,116,75,19133,14788,28874,5.25,#growthmindset #startup #designinspiration #buildinpublic
YT_1013,YouTube,2025-10-08,21:00,Shorts,Python one-liner to parse JSON data like a pro 🐍 #programming #tutorial #fullstack #machinelearning,10568,1990,1024,98530,68155,64896,13.78,#tutorial #fullstack #machinelearning
YT_1014,YouTube,2025-10-12,21:50,Shorts,The difference between reach and impressions explained in 20 seconds! ⏱️ #softwareengineer #programming #shorts,6043,1798,647,78307,58160,64996,10.84,#softwareengineer #programming #shorts
IG_1015,Instagram,2025-10-10,07:15,Reels,Behind the scenes of deploying a production cloud architecture ☁️ Check the bio link! #growthmindset #designinspiration #developercommunity #startup #buildinpublic,578,79,127,12431,10502,28979,6.31,#growthmindset #designinspiration #developercommunity #startup #buildinpublic
YT_1016,YouTube,2025-10-12,17:50,Videos,Clean Code vs Quick Code: When Technical Debt Actually Makes Sense #shorts #machinelearning,7564,2357,1131,119713,83158,65118,9.23,#shorts #machinelearning
YT_1017,YouTube,2025-10-13,20:10,Shorts,Don't make this rookie SQL mistake! ❌ Quick query optimization tip #shorts #devlife #aitools #youtubeshorts #tutorial,3442,906,377,52709,41674,64985,8.96,#devlife #aitools #youtubeshorts #tutorial
IG_1018,Instagram,2025-10-13,17:00,Images,Architecture diagram: Microservices vs Monolith trade-offs in 2026 🏗️ #reactjs #socialmedia #designinspiration #techtrends #contentcreator,843,97,159,14496,11654,29076,7.58,#reactjs #socialmedia #designinspiration #techtrends #contentcreator
YT_1019,YouTube,2025-10-13,18:30,Shorts,"JavaScript Array methods you should master: map, filter, reduce 💥 #shorts #softwareengineer #datascience",4561,1265,244,69756,50915,64970,8.7,#shorts #softwareengineer #datascience
IG_1020,Instagram,2025-10-14,12:30,Images,Workspace setup refresh! Natural light + mechanical keyboard = 100% focus 🎧 #socialmedia #contentcreator #learninpublic #techtrends #codinglife,1245,261,241,22636,17445,29142,7.72,#socialmedia #contentcreator #learninpublic #techtrends #codinglife
YT_1021,YouTube,2025-10-16,14:45,Videos,Full Course: Building Modern Full-Stack Web Apps with Python & React (2026 Edition) #fullstack #datascience #softwareengineer,5071,1132,319,63962,51700,65085,10.2,#fullstack #datascience #softwareengineer
YT_1022,YouTube,2025-10-16,17:00,Videos,System Design Interview: How to Design YouTube & Instagram at Global Scale #datascience #pythonproject #careerintech #devlife #fullstack,2944,734,812,54179,46588,65410,8.29,#datascience #pythonproject #careerintech #devlife #fullstack
IG_1023,Instagram,2025-10-15,10:20,Posts,Case study: How we reduced API latency by 68% using smart caching strategies ⚡ #growthmindset #learninpublic #digitalmarketing #reactjs,2206,406,440,27622,23546,29033,11.05,#growthmindset #learninpublic #digitalmarketing #reactjs
IG_1024,Instagram,2025-10-16,17:40,Images,Cheat sheet: Git workflow command hierarchy for teams 🌿 Pin this to your desktop! #developercommunity #growthmindset #codinglife #aitools,1228,231,154,19128,15377,29196,8.43,#developercommunity #growthmindset #codinglife #aitools
YT_1025,YouTube,2025-10-16,18:15,Shorts,Top VS Code extensions every developer should install right now 🛠️ #programming #careerintech #devlife #tutorial,16815,4946,1950,137633,110416,65262,17.23,#programming #careerintech #devlife #tutorial
IG_1026,Instagram,2025-10-19,14:30,Images,Cheat sheet: Git workflow command hierarchy for teams 🌿 Pin this to your desktop! #buildinpublic #growthmindset,1469,162,183,24328,19663,29040,7.46,#buildinpublic #growthmindset
IG_1027,Instagram,2025-10-19,22:40,Images,"UI/UX Design Tips: Color contrast, typography hierarchy, and spacing 🎨 #startup #webdev #digitalmarketing",458,60,74,13931,12057,29359,4.25,#startup #webdev #digitalmarketing
IG_1028,Instagram,2025-10-19,21:15,Reels,Stop writing messy CSS! Here's how Tailwind CSS cleans up your code in seconds 💡 #webdev #codinglife #learninpublic,3661,471,751,31077,24782,29078,15.71,#webdev #codinglife #learninpublic
IG_1029,Instagram,2025-10-18,16:50,Posts,Carousel: 7 critical lessons learned from building 12 SaaS products in 12 months 💼 #developercommunity #aitools #codinglife #buildinpublic,984,155,217,23848,19903,29300,5.69,#developercommunity #aitools #codinglife #buildinpublic
IG_1030,Instagram,2025-10-22,22:30,Reels,How we scaled our database queries to handle 1M+ analytics requests ⚙️ #aitools #developercommunity,1847,257,455,20162,16158,29338,12.69,#aitools #developercommunity
IG_1031,Instagram,2025-10-21,16:10,Images,Database indexing visualized: B-Trees explained simply 📚 #contentcreator #webdev #socialmedia #learninpublic,250,25,32,14261,10875,29351,2.15,#contentcreator #webdev #socialmedia #learninpublic
IG_1032,Instagram,2025-10-20,14:30,Reels,This secret tool turns CSV files into interactive charts instantly! 📈 #codinglife #webdev,1382,250,127,18480,15433,29458,9.52,#codinglife #webdev
IG_1033,Instagram,2025-10-20,16:40,Reels,Behind the scenes of deploying a production cloud architecture ☁️ Check the bio link! #webdev #marketingtips,1452,253,70,32162,26825,29481,5.52,#webdev #marketingtips
IG_1034,Instagram,2025-10-23,18:00,Reels,A day in the life of a software engineer working remotely from Lisbon ☕💻 #growthmindset #codinglife #techtrends #reelsviral #webdev,3501,694,330,30483,24969,29512,14.84,#growthmindset #codinglife #techtrends #reelsviral #webdev
YT_1035,YouTube,2025-10-24,14:15,Shorts,How recommendation algorithms decide what shows up on your feed 🧠 #programming #careerintech #machinelearning #techreview #pythonproject,1741,513,316,39205,33331,66092,6.56,#programming #careerintech #machinelearning #techreview #pythonproject
IG_1036,Instagram,2025-10-24,21:45,Posts,Carousel: 7 critical lessons learned from building 12 SaaS products in 12 months 💼 #buildinpublic #webdev #reactjs,1258,185,350,23786,20342,29588,7.54,#buildinpublic #webdev #reactjs
IG_1037,Instagram,2025-10-25,21:20,Reels,A day in the life of a software engineer working remotely from Lisbon ☕💻 #learninpublic #startup #webdev #digitalmarketing,1018,187,127,21148,16000,29381,6.3,#learninpublic #startup #webdev #digitalmarketing
IG_1038,Instagram,2025-10-26,21:10,Reels,How to build a full-stack dashboard in 30 minutes! Step-by-step breakdown 👇 #techtrends #developercommunity #growthmindset #techtrends,3354,490,904,53104,39512,29341,8.94,#developercommunity #growthmindset #techtrends
YT_1039,YouTube,2025-10-27,09:10,Shorts,Git stash explained in 15 seconds! Never lose your uncommitted changes again 💾 #machinelearning #datascience #tutorial #shorts #softwareengineer,3787,692,644,47050,36621,66194,10.89,#machinelearning #datascience #tutorial #shorts #softwareengineer
YT_1040,YouTube,2025-10-25,07:40,Shorts,Top VS Code extensions every developer should install right now 🛠️ #machinelearning #devlife #softwareengineer #techreview #fullstack,1209,294,112,33356,29087,66156,4.84,#machinelearning #devlife #softwareengineer #techreview #fullstack
IG_1041,Instagram,2025-10-26,10:30,Reels,5 Developer productivity hacks that saved me 10 hours this week! 🚀 Which one are you trying first? #designinspiration #learninpublic #developercommunity #webdev #digitalmarketing,4809,945,392,47319,40389,29341,12.99,#designinspiration #learninpublic #developercommunity #webdev #digitalmarketing
YT_1042,YouTube,2025-10-27,21:45,Shorts,The difference between reach and impressions explained in 20 seconds! ⏱️ #systemdesign #tutorial #youtubeshorts #shorts,16649,3929,2968,115515,97592,66184,20.38,#systemdesign #tutorial #youtubeshorts #shorts
IG_1043,Instagram,2025-10-28,20:50,Reels,How to build a full-stack dashboard in 30 minutes! Step-by-step breakdown 👇 #techtrends #buildinpublic #learninpublic,1939,306,169,20428,15596,29540,11.82,#buildinpublic #learninpublic
IG_1044,Instagram,2025-10-29,11:50,Posts,Case study: How we reduced API latency by 68% using smart caching strategies ⚡ #reactjs #contentcreator #developercommunity #codinglife #reelsviral,2506,326,686,35492,28307,29651,9.91,#reactjs #contentcreator #developercommunity #codinglife #reelsviral
IG_1045,Instagram,2025-10-31,23:00,Images,"UI/UX Design Tips: Color contrast, typography hierarchy, and spacing 🎨 #reelsviral #digitalmarketing",305,65,66,11123,9836,29590,3.92,#reelsviral #digitalmarketing
IG_1046,Instagram,2025-10-30,20:50,Reels,5 Developer productivity hacks that saved me 10 hours this week! 🚀 Which one are you trying first? #reactjs #startup #contentcreator,8696,1115,1438,52513,39020,29597,21.42,#reactjs #startup #contentcreator
IG_1047,Instagram,2025-11-01,10:50,Images,Architecture diagram: Microservices vs Monolith trade-offs in 2026 🏗️ #startup #designinspiration #learninpublic,919,156,186,14997,13176,29624,8.41,#startup #designinspiration #learninpublic
IG_1048,Instagram,2025-10-30,13:40,Posts,Deep-dive: Why your engagement rate dropped and 4 actionable steps to fix it 📉➡️📈 #socialmedia #digitalmarketing #learninpublic #designinspiration,1234,173,221,24264,21459,29800,6.71,#socialmedia #digitalmarketing #learninpublic #designinspiration
YT_1049,YouTube,2025-11-01,12:40,Videos,Data Analytics with Pandas and SQLite: Real-World Business Intelligence Project #shorts #datascience #pythonproject #machinelearning #fullstack,4330,740,515,83728,67853,66647,6.67,#shorts #datascience #pythonproject #machinelearning #fullstack
YT_1050,YouTube,2025-10-31,22:15,Videos,"How to Land a Software Engineering Internship: Resume, Projects & Interview Tips #pythonproject #tutorial",5546,1477,1081,80661,56056,66709,10.05,#pythonproject #tutorial
IG_1051,Instagram,2025-11-02,23:40,Reels,React hooks explained simply: useState vs useReducer vs useContext ⚡ #marketingtips #developercommunity #startup #growthmindset #reelsviral,3650,670,809,47952,41329,29925,10.7,#marketingtips #developercommunity #startup #growthmindset #reelsviral
YT_1052,YouTube,2025-11-03,06:20,Shorts,Don't make this rookie SQL mistake! ❌ Quick query optimization tip #shorts #datascience #devlife #fullstack #tutorial,2196,688,443,59025,49492,66725,5.64,#datascience #devlife #fullstack #tutorial
YT_1053,YouTube,2025-11-02,17:50,Videos,I Built an AI-Powered Social Media Dashboard from Scratch - Complete Breakdown #devlife #careerintech,7505,1930,1365,96731,68833,66888,11.16,#devlife #careerintech
YT_1054,YouTube,2025-11-04,17:45,Shorts,"JavaScript Array methods you should master: map, filter, reduce 💥 #youtubeshorts #programming #fullstack #techreview #datascience",4550,783,1154,65235,44646,66994,9.94,#youtubeshorts #programming #fullstack #techreview #datascience
YT_1055,YouTube,2025-11-03,22:10,Shorts,Top VS Code extensions every developer should install right now 🛠️ #programming #aitools #devlife #techreview,5493,1579,436,70457,57199,66878,10.66,#programming #aitools #devlife #techreview
YT_1056,YouTube,2025-11-06,18:30,Videos,System Design Interview: How to Design YouTube & Instagram at Global Scale #datascience #pythonproject #fullstack #tutorial,8565,2262,315,89832,78539,66902,12.4,#datascience #pythonproject #fullstack #tutorial
IG_1057,Instagram,2025-11-07,13:20,Posts,Carousel: 7 critical lessons learned from building 12 SaaS products in 12 months 💼 #contentcreator #startup #aitools #growthmindset #reelsviral,1177,184,295,21296,18755,30095,7.78,#contentcreator #startup #aitools #growthmindset #reelsviral
IG_1058,Instagram,2025-11-06,17:40,Reels,React hooks explained simply: useState vs useReducer vs useContext ⚡ #webdev #startup,3763,633,443,42322,33109,29762,11.43,#webdev #startup
IG_1059,Instagram,2025-11-08,09:00,Images,Frontend Roadmap 2026: From HTML/CSS fundamentals to Next.js and WebGL 🗺️ #growthmindset #marketingtips #startup #reactjs #contentcreator,1728,321,255,23912,20592,29973,9.64,#growthmindset #marketingtips #startup #reactjs #contentcreator
IG_1060,Instagram,2025-11-06,16:10,Reels,5 Developer productivity hacks that saved me 10 hours this week! 🚀 Which one are you trying first? #codinglife #webdev #designinspiration #growthmindset,2483,373,487,28659,23599,29985,11.66,#codinglife #webdev #designinspiration #growthmindset
IG_1061,Instagram,2025-11-09,14:00,Reels,5 Developer productivity hacks that saved me 10 hours this week! 🚀 Which one are you trying first? #webdev #contentcreator #aitools #developercommunity,2376,313,265,38323,29100,29930,7.71,#webdev #contentcreator #aitools #developercommunity
IG_1062,Instagram,2025-11-07,11:30,Posts,Case study: How we reduced API latency by 68% using smart caching strategies ⚡ #techtrends #marketingtips #reelsviral #socialmedia,954,111,259,24302,18596,29917,5.45,#techtrends #marketingtips #reelsviral #socialmedia
YT_1063,YouTube,2025-11-07,18:15,Shorts,Git stash explained in 15 seconds! Never lose your uncommitted changes again 💾 #techreview #shorts #pythonproject,4847,1090,869,86990,75925,67487,7.82,#techreview #shorts #pythonproject
YT_1064,YouTube,2025-11-11,10:20,Shorts,The difference between reach and impressions explained in 20 seconds! ⏱️ #tutorial #softwareengineer,13057,3003,2101,98426,73331,67519,18.45,#tutorial #softwareengineer
YT_1065,YouTube,2025-11-09,23:45,Videos,REST API vs GraphQL vs gRPC: The Definitive Comparison for 2026 #devlife #programming #fullstack #datascience #machinelearning,2011,389,479,35069,26840,67454,8.21,#devlife #programming #fullstack #datascience #machinelearning
YT_1066,YouTube,2025-11-09,10:20,Videos,Why Senior Developers Write LESS Code (Software Architecture Principles) #techreview #code,5264,1456,322,55791,41883,67587,12.62,#techreview #code
YT_1067,YouTube,2025-11-12,21:45,Shorts,The difference between reach and impressions explained in 20 seconds! ⏱️ #programming #systemdesign #youtubeshorts #datascience #code,5981,1627,666,72394,52502,67538,11.43,#programming #systemdesign #youtubeshorts #datascience #code
YT_1068,YouTube,2025-11-10,17:00,Shorts,The difference between reach and impressions explained in 20 seconds! ⏱️ #pythonproject #careerintech #softwareengineer #datascience,2600,713,577,63379,50276,67579,6.14,#pythonproject #careerintech #softwareengineer #datascience
IG_1069,Instagram,2025-11-12,20:20,Images,Workspace setup refresh! Natural light + mechanical keyboard = 100% focus 🎧 #developercommunity #learninpublic #techtrends #aitools,3087,378,909,37754,28298,30315,11.59,#developercommunity #learninpublic #techtrends #aitools
IG_1070,Instagram,2025-11-15,14:15,Reels,React hooks explained simply: useState vs useReducer vs useContext ⚡ #growthmindset #digitalmarketing #reelsviral #buildinpublic #developercommunity,2783,379,778,27176,20705,30299,14.5,#growthmindset #digitalmarketing #reelsviral #buildinpublic #developercommunity
YT_1071,YouTube,2025-11-14,10:00,Shorts,Git stash explained in 15 seconds! Never lose your uncommitted changes again 💾 #tutorial #devlife #fullstack #code #programming,11024,2416,1329,115814,86957,67806,12.75,#tutorial #devlife #fullstack #code #programming
IG_1072,Instagram,2025-11-15,19:40,Reels,Top 3 Python libraries every data analyst MUST know in 2026 📊 Save this reel! #aitools #socialmedia,4438,686,846,45979,37124,30266,12.98,#aitools #socialmedia
IG_1073,Instagram,2025-11-16,19:10,Reels,React hooks explained simply: useState vs useReducer vs useContext ⚡ #reelsviral #aitools #contentcreator,6367,1185,1030,37523,30652,30164,22.87,#reelsviral #aitools #contentcreator
YT_1074,YouTube,2025-11-15,17:45,Shorts,The difference between reach and impressions explained in 20 seconds! ⏱️ #careerintech #devlife #aitools,7672,1689,886,86728,67545,67738,11.82,#careerintech #devlife #aitools
YT_1075,YouTube,2025-11-17,15:30,Shorts,Git stash explained in 15 seconds! Never lose your uncommitted changes again 💾 #machinelearning #devlife,2534,606,531,46712,32288,68073,7.86,#machinelearning #devlife
IG_1076,Instagram,2025-11-15,10:40,Posts,The ultimate guide to building accessible web applications (WCAG 2.2 compliant) 🌐 #designinspiration #startup,711,88,207,20104,16291,30492,5.0,#designinspiration #startup
YT_1077,YouTube,2025-11-16,11:00,Videos,Data Analytics with Pandas and SQLite: Real-World Business Intelligence Project #machinelearning #code #systemdesign #techreview #tutorial,6979,1907,705,81783,62298,68036,11.73,#machinelearning #code #systemdesign #techreview #tutorial
YT_1078,YouTube,2025-11-16,19:10,Videos,I Built an AI-Powered Social Media Dashboard from Scratch - Complete Breakdown #datascience #youtubeshorts #techreview,6300,1613,1076,70462,61551,68239,12.76,#datascience #youtubeshorts #techreview
YT_1079,YouTube,2025-11-20,18:30,Videos,System Design Interview: How to Design YouTube & Instagram at Global Scale #code #datascience #shorts #systemdesign #softwareengineer,7639,1327,828,91807,76496,68042,10.67,#code #datascience #shorts #systemdesign #softwareengineer
IG_1080,Instagram,2025-11-18,11:40,Posts,Swipe to see our full Q3 social growth playbook + exact posting schedules 📅 #techtrends #buildinpublic #learninpublic,1107,204,178,32279,27663,30694,4.61,#techtrends #buildinpublic #learninpublic
YT_1081,YouTube,2025-11-21,14:10,Shorts,Git stash explained in 15 seconds! Never lose your uncommitted changes again 💾 #datascience #aitools #techreview,5959,1549,176,67357,50947,68275,11.41,#datascience #aitools #techreview
YT_1082,YouTube,2025-11-21,20:20,Videos,System Design Interview: How to Design YouTube & Instagram at Global Scale #softwareengineer #youtubeshorts,4408,1405,847,60678,47490,68490,10.98,#softwareengineer #youtubeshorts
YT_1083,YouTube,2025-11-19,19:20,Shorts,Top VS Code extensions every developer should install right now 🛠️ #youtubeshorts #datascience #programming #shorts #systemdesign,11115,3282,1776,138402,116019,68200,11.69,#youtubeshorts #datascience #programming #shorts #systemdesign
YT_1084,YouTube,2025-11-23,09:15,Videos,Full Course: Building Modern Full-Stack Web Apps with Python & React (2026 Edition) #programming #systemdesign #tutorial #code,8143,1759,2328,104184,87018,68572,11.74,#programming #systemdesign #tutorial #code
YT_1085,YouTube,2025-11-21,20:00,Shorts,Top VS Code extensions every developer should install right now 🛠️ #softwareengineer #fullstack #shorts,8446,1835,1482,89678,64340,68564,13.12,#softwareengineer #fullstack #shorts
YT_1086,YouTube,2025-11-21,20:00,Shorts,"JavaScript Array methods you should master: map, filter, reduce 💥 #softwareengineer #pythonproject #shorts #datascience",10502,2158,1427,100173,80704,68334,14.06,#softwareengineer #pythonproject #shorts #datascience
IG_1087,Instagram,2025-11-23,22:50,Images,Workspace setup refresh! Natural light + mechanical keyboard = 100% focus 🎧 #contentcreator #learninpublic #aitools,498,70,107,11153,9706,30709,6.05,#contentcreator #learninpublic #aitools
IG_1088,Instagram,2025-11-25,14:10,Posts,Deep-dive: Why your engagement rate dropped and 4 actionable steps to fix it 📉➡️📈 #reelsviral #digitalmarketing,796,104,78,17670,14065,30563,5.53,#reelsviral #digitalmarketing
IG_1089,Instagram,2025-11-25,23:10,Images,Architecture diagram: Microservices vs Monolith trade-offs in 2026 🏗️ #contentcreator #codinglife #developercommunity #startup #reactjs,186,27,29,8044,6801,30675,3.01,#contentcreator #codinglife #developercommunity #startup #reactjs
YT_1090,YouTube,2025-11-24,15:40,Videos,I Built an AI-Powered Social Media Dashboard from Scratch - Complete Breakdown #youtubeshorts #aitools,2283,715,493,60496,50210,68826,5.77,#youtubeshorts #aitools
YT_1091,YouTube,2025-11-25,18:20,Shorts,"JavaScript Array methods you should master: map, filter, reduce 💥 #techreview #tutorial",4859,1140,1277,86557,66543,68897,8.41,#techreview #tutorial
IG_1092,Instagram,2025-11-25,11:50,Reels,AI coding agents just got 10x better. Here is what you need to know today! 🤖 #growthmindset #digitalmarketing #aitools #designinspiration #learninpublic,3241,406,830,32607,27776,30828,13.73,#growthmindset #digitalmarketing #aitools #designinspiration #learninpublic
IG_1093,Instagram,2025-11-28,15:20,Reels,How to build a full-stack dashboard in 30 minutes! Step-by-step breakdown 👇 #techtrends #developercommunity #buildinpublic #contentcreator #learninpublic,3552,477,942,41700,36312,30988,11.92,#developercommunity #buildinpublic #contentcreator #learninpublic
IG_1094,Instagram,2025-11-26,18:50,Posts,Case study: How we reduced API latency by 68% using smart caching strategies ⚡ #contentcreator #marketingtips #digitalmarketing,4287,461,619,39949,32753,30853,13.43,#contentcreator #marketingtips #digitalmarketing
YT_1095,YouTube,2025-11-30,21:20,Shorts,The difference between reach and impressions explained in 20 seconds! ⏱️ #careerintech #tutorial #fullstack,11274,2557,2962,105962,74685,69007,15.85,#careerintech #tutorial #fullstack
YT_1096,YouTube,2025-11-29,13:45,Videos,I Built an AI-Powered Social Media Dashboard from Scratch - Complete Breakdown #aitools #softwareengineer #techreview,3484,945,754,63422,50633,69073,8.17,#aitools #softwareengineer #techreview
YT_1097,YouTube,2025-11-28,06:15,Videos,Full Course: Building Modern Full-Stack Web Apps with Python & React (2026 Edition) #aitools #programming #careerintech #techreview,1886,386,300,33715,28920,69063,7.63,#aitools #programming #careerintech #techreview
IG_1098,Instagram,2025-12-01,10:00,Posts,Swipe to see our full Q3 social growth playbook + exact posting schedules 📅 #buildinpublic #webdev #designinspiration #growthmindset #techtrends,1715,258,341,25518,19921,31060,9.07,#buildinpublic #webdev #designinspiration #growthmindset #techtrends
YT_1099,YouTube,2025-11-29,20:15,Shorts,How recommendation algorithms decide what shows up on your feed 🧠 #programming #tutorial #youtubeshorts #shorts #softwareengineer,20539,5798,840,118759,103621,69146,22.88,#programming #tutorial #youtubeshorts #shorts #softwareengineer
YT_1100,YouTube,2025-12-01,21:50,Videos,"How to Land a Software Engineering Internship: Resume, Projects & Interview Tips #machinelearning #shorts #youtubeshorts #fullstack",2010,526,392,52670,41960,69258,5.56,#machinelearning #shorts #youtubeshorts #fullstack
YT_1101,YouTube,2025-12-02,10:40,Shorts,The difference between reach and impressions explained in 20 seconds! ⏱️ #pythonproject #datascience #careerintech #fullstack,1938,447,434,38811,30752,69237,7.26,#pythonproject #datascience #careerintech #fullstack
IG_1102,Instagram,2025-12-01,10:40,Images,Clean code checklist before opening any Pull Request ✅ Tag a teammate! #learninpublic #aitools #contentcreator #growthmindset,647,103,125,20507,14941,31158,4.27,#learninpublic #aitools #contentcreator #growthmindset
IG_1103,Instagram,2025-12-02,18:30,Images,Database indexing visualized: B-Trees explained simply 📚 #reelsviral #reactjs #buildinpublic #designinspiration,653,78,153,23028,18657,31147,3.84,#reelsviral #reactjs #buildinpublic #designinspiration
IG_1104,Instagram,2025-12-02,17:45,Reels,5 Developer productivity hacks that saved me 10 hours this week! 🚀 Which one are you trying first? #techtrends #reactjs #reelsviral #learninpublic #developercommunity,1210,132,145,24942,21184,31296,5.96,#techtrends #reactjs #reelsviral #learninpublic #developercommunity
IG_1105,Instagram,2025-12-04,14:40,Reels,AI coding agents just got 10x better. Here is what you need to know today! 🤖 #marketingtips #learninpublic #contentcreator #reactjs #growthmindset,2589,549,455,39499,32382,31212,9.1,#marketingtips #learninpublic #contentcreator #reactjs #growthmindset
IG_1106,Instagram,2025-12-05,14:45,Reels,Top 3 Python libraries every data analyst MUST know in 2026 📊 Save this reel! #webdev #digitalmarketing #aitools #designinspiration,1963,347,108,32293,25196,31310,7.49,#webdev #digitalmarketing #aitools #designinspiration
IG_1107,Instagram,2025-12-07,16:20,Reels,Stop writing messy CSS! Here's how Tailwind CSS cleans up your code in seconds 💡 #marketingtips #digitalmarketing #learninpublic #startup,3402,432,423,45402,39136,31152,9.38,#marketingtips #digitalmarketing #learninpublic #startup
IG_1108,Instagram,2025-12-04,14:45,Reels,5 Developer productivity hacks that saved me 10 hours this week! 🚀 Which one are you trying first? #webdev #socialmedia #marketingtips,1448,281,47,28922,24567,31211,6.14,#webdev #socialmedia #marketingtips
IG_1109,Instagram,2025-12-08,14:10,Images,Clean code checklist before opening any Pull Request ✅ Tag a teammate! #marketingtips #designinspiration #aitools #startup,1117,129,134,18139,15552,31358,7.61,#marketingtips #designinspiration #aitools #startup
YT_1110,YouTube,2025-12-06,16:50,Videos,Why Senior Developers Write LESS Code (Software Architecture Principles) #devlife #shorts #systemdesign #softwareengineer,4703,1105,606,82209,61410,69790,7.8,#devlife #shorts #systemdesign #softwareengineer
YT_1111,YouTube,2025-12-09,10:20,Videos,Why Senior Developers Write LESS Code (Software Architecture Principles) #aitools #softwareengineer #pythonproject #tutorial #shorts,2992,754,356,58866,47968,69927,6.97,#aitools #softwareengineer #pythonproject #tutorial #shorts
IG_1112,Instagram,2025-12-09,10:30,Reels,Stop writing messy CSS! Here's how Tailwind CSS cleans up your code in seconds 💡 #reelsviral #designinspiration #growthmindset #socialmedia #digitalmarketing,1569,161,265,30535,27520,31296,6.53,#reelsviral #designinspiration #growthmindset #socialmedia #digitalmarketing
YT_1113,YouTube,2025-12-07,20:10,Shorts,The difference between reach and impressions explained in 20 seconds! ⏱️ #aitools #code #pythonproject #softwareengineer #youtubeshorts,16073,3259,4753,140631,112916,69977,17.13,#aitools #code #pythonproject #softwareengineer #youtubeshorts
YT_1114,YouTube,2025-12-11,22:45,Shorts,Top VS Code extensions every developer should install right now 🛠️ #code #machinelearning,1901,449,287,45426,36015,69970,5.81,#code #machinelearning
IG_1115,Instagram,2025-12-11,22:15,Reels,Behind the scenes of deploying a production cloud architecture ☁️ Check the bio link! #contentcreator #designinspiration #reactjs #webdev #socialmedia,1392,186,206,22725,18796,31407,7.85,#contentcreator #designinspiration #reactjs #webdev #socialmedia
IG_1116,Instagram,2025-12-09,07:00,Reels,A day in the life of a software engineer working remotely from Lisbon ☕💻 #contentcreator #reactjs #socialmedia #marketingtips,886,142,57,16299,14116,31441,6.66,#contentcreator #reactjs #socialmedia #marketingtips
IG_1117,Instagram,2025-12-13,19:40,Posts,Carousel: 7 critical lessons learned from building 12 SaaS products in 12 months 💼 #learninpublic #marketingtips #contentcreator,1230,246,80,16840,15256,31500,9.24,#learninpublic #marketingtips #contentcreator
IG_1118,Instagram,2025-12-13,14:45,Images,"UI/UX Design Tips: Color contrast, typography hierarchy, and spacing 🎨 #digitalmarketing #startup #growthmindset #learninpublic",653,65,93,16188,12944,31641,5.01,#digitalmarketing #startup #growthmindset #learninpublic
IG_1119,Instagram,2025-12-11,09:45,Reels,5 Developer productivity hacks that saved me 10 hours this week! 🚀 Which one are you trying first? #designinspiration #growthmindset #reactjs #startup #socialmedia,4978,862,904,39120,34229,31346,17.24,#designinspiration #growthmindset #reactjs #startup #socialmedia
YT_1120,YouTube,2025-12-14,23:45,Videos,REST API vs GraphQL vs gRPC: The Definitive Comparison for 2026 #softwareengineer #shorts #code #techreview,5046,1392,62,73811,56497,70376,8.81,#softwareengineer #shorts #code #techreview
YT_1121,YouTube,2025-12-14,19:30,Shorts,How recommendation algorithms decide what shows up on your feed 🧠 #tutorial #careerintech #code #machinelearning #programming,25759,7722,2142,152700,128444,70165,23.33,#tutorial #careerintech #code #machinelearning #programming
IG_1122,Instagram,2025-12-14,18:15,Reels,This secret tool turns CSV files into interactive charts instantly! 📈 #contentcreator #reactjs #learninpublic #growthmindset,7904,1541,1494,54652,45610,31376,20.02,#contentcreator #reactjs #learninpublic #growthmindset
YT_1123,YouTube,2025-12-16,18:10,Shorts,Don't make this rookie SQL mistake! ❌ Quick query optimization tip #shorts #devlife #programming #pythonproject,11955,2574,1595,112383,96973,70210,14.35,#devlife #programming #pythonproject
IG_1124,Instagram,2025-12-16,21:20,Reels,Top 3 Python libraries every data analyst MUST know in 2026 📊 Save this reel! #learninpublic #reactjs #webdev #buildinpublic,4035,585,951,50147,43362,31450,11.11,#learninpublic #reactjs #webdev #buildinpublic
IG_1125,Instagram,2025-12-16,21:40,Posts,Deep-dive: Why your engagement rate dropped and 4 actionable steps to fix it 📉➡️📈 #codinglife #techtrends #growthmindset,1917,365,307,22191,18299,31619,11.67,#codinglife #techtrends #growthmindset
IG_1126,Instagram,2025-12-18,18:30,Images,Workspace setup refresh! Natural light + mechanical keyboard = 100% focus 🎧 #techtrends #designinspiration #reactjs #reelsviral #socialmedia,1934,276,234,29515,26551,31718,8.28,#techtrends #designinspiration #reactjs #reelsviral #socialmedia
YT_1127,YouTube,2025-12-17,21:50,Videos,Clean Code vs Quick Code: When Technical Debt Actually Makes Sense #techreview #aitools,12771,2861,2126,174486,141657,70691,10.18,#techreview #aitools
IG_1128,Instagram,2025-12-18,19:30,Images,Architecture diagram: Microservices vs Monolith trade-offs in 2026 🏗️ #digitalmarketing #growthmindset,1512,334,286,21235,16719,31598,10.04,#digitalmarketing #growthmindset
IG_1129,Instagram,2025-12-18,10:00,Reels,How to build a full-stack dashboard in 30 minutes! Step-by-step breakdown 👇 #techtrends #aitools #codinglife #reactjs #webdev #socialmedia,2331,367,238,27983,22805,31851,10.49,#aitools #codinglife #reactjs #webdev #socialmedia
YT_1130,YouTube,2025-12-18,20:10,Videos,Full Course: Building Modern Full-Stack Web Apps with Python & React (2026 Edition) #aitools #softwareengineer,6777,1562,406,69915,60529,70778,12.51,#aitools #softwareengineer
YT_1131,YouTube,2025-12-21,13:30,Shorts,Top VS Code extensions every developer should install right now 🛠️ #aitools #code #datascience #fullstack #tutorial,8650,2494,1094,122285,106982,70902,10.01,#aitools #code #datascience #fullstack #tutorial
IG_1132,Instagram,2025-12-22,15:00,Posts,Deep-dive: Why your engagement rate dropped and 4 actionable steps to fix it 📉➡️📈 #startup #growthmindset #techtrends #reactjs #codinglife,919,124,207,18730,14838,31821,6.67,#startup #growthmindset #techtrends #reactjs #codinglife
IG_1133,Instagram,2025-12-22,08:40,Reels,React hooks explained simply: useState vs useReducer vs useContext ⚡ #growthmindset #marketingtips #socialmedia #digitalmarketing,735,121,120,19326,14401,31852,5.05,#growthmindset #marketingtips #socialmedia #digitalmarketing
IG_1134,Instagram,2025-12-22,18:40,Reels,5 Developer productivity hacks that saved me 10 hours this week! 🚀 Which one are you trying first? #buildinpublic #codinglife #aitools #marketingtips,6243,957,1468,59068,53506,32021,14.67,#buildinpublic #codinglife #aitools #marketingtips
IG_1135,Instagram,2025-12-24,11:40,Reels,Top 3 Python libraries every data analyst MUST know in 2026 📊 Save this reel! #developercommunity #webdev #aitools #marketingtips #techtrends,9211,1108,1882,64904,52844,31803,18.8,#developercommunity #webdev #aitools #marketingtips #techtrends
IG_1136,Instagram,2025-12-24,15:50,Reels,React hooks explained simply: useState vs useReducer vs useContext ⚡ #digitalmarketing #startup #techtrends #developercommunity #learninpublic,2289,379,237,29577,23533,31802,9.82,#digitalmarketing #startup #techtrends #developercommunity #learninpublic
YT_1137,YouTube,2025-12-24,19:20,Shorts,Python one-liner to parse JSON data like a pro 🐍 #programming #techreview #code #tutorial,16835,4966,3058,92352,76231,71199,26.92,#techreview #code #tutorial
YT_1138,YouTube,2025-12-25,11:10,Videos,Data Analytics with Pandas and SQLite: Real-World Business Intelligence Project #aitools #tutorial #pythonproject #fullstack,8225,2436,830,115869,89896,71093,9.92,#aitools #tutorial #pythonproject #fullstack
YT_1139,YouTube,2025-12-25,23:15,Shorts,Python one-liner to parse JSON data like a pro 🐍 #programming #aitools #devlife #datascience,4504,1253,660,51805,45418,71035,12.39,#aitools #devlife #datascience
YT_1140,YouTube,2025-12-24,14:45,Shorts,Git stash explained in 15 seconds! Never lose your uncommitted changes again 💾 #fullstack #machinelearning #careerintech #aitools,7971,2455,1154,80311,70636,71301,14.42,#fullstack #machinelearning #careerintech #aitools
IG_1141,Instagram,2025-12-25,18:50,Posts,Swipe to see our full Q3 social growth playbook + exact posting schedules 📅 #learninpublic #webdev #marketingtips #designinspiration #startup,1435,219,389,19779,14408,32181,10.33,#learninpublic #webdev #marketingtips #designinspiration #startup
IG_1142,Instagram,2025-12-26,21:30,Posts,Deep-dive: Why your engagement rate dropped and 4 actionable steps to fix it 📉➡️📈 #designinspiration #growthmindset #aitools #codinglife #reelsviral,2136,307,208,28346,22539,31944,9.35,#designinspiration #growthmindset #aitools #codinglife #reelsviral
IG_1143,Instagram,2025-12-26,10:15,Reels,AI coding agents just got 10x better. Here is what you need to know today! 🤖 #learninpublic #techtrends #growthmindset,3856,580,793,37051,30122,32109,14.11,#learninpublic #techtrends #growthmindset
IG_1144,Instagram,2025-12-28,08:10,Reels,How we scaled our database queries to handle 1M+ analytics requests ⚙️ #digitalmarketing #techtrends,1544,264,260,27028,21377,31960,7.65,#digitalmarketing #techtrends
IG_1145,Instagram,2025-12-30,11:30,Reels,This secret tool turns CSV files into interactive charts instantly! 📈 #digitalmarketing #contentcreator #techtrends #webdev,1210,238,69,26017,18779,32242,5.83,#digitalmarketing #contentcreator #techtrends #webdev
IG_1146,Instagram,2025-12-30,20:50,Images,Workspace setup refresh! Natural light + mechanical keyboard = 100% focus 🎧 #socialmedia #aitools,513,81,53,13300,10144,32339,4.86,#socialmedia #aitools
YT_1147,YouTube,2025-12-28,17:20,Shorts,Don't make this rookie SQL mistake! ❌ Quick query optimization tip #shorts #code #programming #fullstack #youtubeshorts #aitools,10335,1745,1482,130653,89686,71734,10.38,#code #programming #fullstack #youtubeshorts #aitools
YT_1148,YouTube,2025-12-29,18:40,Videos,Why Senior Developers Write LESS Code (Software Architecture Principles) #careerintech #programming #systemdesign,3917,752,371,74251,59354,71430,6.79,#careerintech #programming #systemdesign
IG_1149,Instagram,2025-12-29,19:00,Posts,Deep-dive: Why your engagement rate dropped and 4 actionable steps to fix it 📉➡️📈 #digitalmarketing #growthmindset #contentcreator,681,124,145,16972,14940,32389,5.6,#digitalmarketing #growthmindset #contentcreator
YT_1150,YouTube,2025-12-30,10:40,Videos,I Built an AI-Powered Social Media Dashboard from Scratch - Complete Breakdown #machinelearning #devlife #datascience #techreview,9688,2509,1029,96675,67539,71501,13.68,#machinelearning #devlife #datascience #techreview
YT_1151,YouTube,2026-01-02,19:45,Shorts,Git stash explained in 15 seconds! Never lose your uncommitted changes again 💾 #datascience #systemdesign #softwareengineer #devlife,8440,1426,1560,103514,80437,71830,11.04,#datascience #systemdesign #softwareengineer #devlife
IG_1152,Instagram,2026-01-03,11:50,Posts,The ultimate guide to building accessible web applications (WCAG 2.2 compliant) 🌐 #buildinpublic #growthmindset,3036,329,406,34752,27014,32452,10.85,#buildinpublic #growthmindset
IG_1153,Instagram,2026-01-01,17:45,Reels,A day in the life of a software engineer working remotely from Lisbon ☕💻 #growthmindset #socialmedia,1904,368,445,23892,18229,32234,11.37,#growthmindset #socialmedia
YT_1154,YouTube,2026-01-04,20:15,Shorts,Top VS Code extensions every developer should install right now 🛠️ #youtubeshorts #pythonproject #careerintech #devlife #systemdesign,13815,3331,944,96235,72806,71860,18.8,#youtubeshorts #pythonproject #careerintech #devlife #systemdesign
YT_1155,YouTube,2026-01-02,11:50,Videos,Clean Code vs Quick Code: When Technical Debt Actually Makes Sense #aitools #pythonproject #tutorial,9076,1797,2711,86710,62730,71960,15.67,#aitools #pythonproject #tutorial
YT_1156,YouTube,2026-01-05,11:45,Videos,I Built an AI-Powered Social Media Dashboard from Scratch - Complete Breakdown #programming #code,5762,1408,410,74261,62066,72107,10.21,#programming #code
IG_1157,Instagram,2026-01-04,13:00,Images,Infographic: Social media engagement benchmarks by industry 📊 #aitools #marketingtips #growthmindset #webdev #reelsviral,1033,155,212,26290,18989,32529,5.33,#aitools #marketingtips #growthmindset #webdev #reelsviral
YT_1158,YouTube,2026-01-04,07:00,Shorts,Python one-liner to parse JSON data like a pro 🐍 #programming #softwareengineer #programming,7517,1991,615,114190,86738,71920,8.87,#softwareengineer #programming
IG_1159,Instagram,2026-01-05,17:15,Reels,AI coding agents just got 10x better. Here is what you need to know today! 🤖 #digitalmarketing #reactjs #techtrends,2914,454,586,37424,31566,32475,10.57,#digitalmarketing #reactjs #techtrends
YT_1160,YouTube,2026-01-06,19:15,Videos,"How to Land a Software Engineering Internship: Resume, Projects & Interview Tips #softwareengineer #aitools",3562,927,979,67147,45830,72379,8.14,#softwareengineer #aitools
IG_1161,Instagram,2026-01-07,11:10,Images,Architecture diagram: Microservices vs Monolith trade-offs in 2026 🏗️ #reelsviral #aitools,981,161,242,17248,14752,32544,8.02,#reelsviral #aitools
IG_1162,Instagram,2026-01-07,17:15,Images,Architecture diagram: Microservices vs Monolith trade-offs in 2026 🏗️ #socialmedia #startup #buildinpublic,479,87,25,16853,13360,32356,3.51,#socialmedia #startup #buildinpublic
IG_1163,Instagram,2026-01-09,14:40,Posts,Deep-dive: Why your engagement rate dropped and 4 actionable steps to fix it 📉➡️📈 #contentcreator #developercommunity #techtrends #marketingtips,889,141,231,16828,12829,32632,7.49,#contentcreator #developercommunity #techtrends #marketingtips
YT_1164,YouTube,2026-01-09,21:50,Shorts,Don't make this rookie SQL mistake! ❌ Quick query optimization tip #shorts #programming #softwareengineer #techreview #systemdesign,9484,1763,1392,98158,78363,72578,12.88,#programming #softwareengineer #techreview #systemdesign
YT_1165,YouTube,2026-01-09,19:00,Shorts,Top VS Code extensions every developer should install right now 🛠️ #aitools #systemdesign #pythonproject #shorts,9215,2402,2272,101258,86049,72421,13.72,#aitools #systemdesign #pythonproject #shorts
IG_1166,Instagram,2026-01-08,08:10,Images,Architecture diagram: Microservices vs Monolith trade-offs in 2026 🏗️ #webdev #designinspiration,1273,199,183,24270,19588,32716,6.82,#webdev #designinspiration
YT_1167,YouTube,2026-01-09,11:45,Videos,I Built an AI-Powered Social Media Dashboard from Scratch - Complete Breakdown #systemdesign #datascience #careerintech #fullstack,4588,793,557,71689,55240,72708,8.28,#systemdesign #datascience #careerintech #fullstack
YT_1168,YouTube,2026-01-09,20:20,Videos,REST API vs GraphQL vs gRPC: The Definitive Comparison for 2026 #code #datascience,2333,656,492,58148,42622,72794,5.99,#code #datascience
YT_1169,YouTube,2026-01-10,18:30,Shorts,Python one-liner to parse JSON data like a pro 🐍 #programming #datascience #fullstack #code,4683,1101,882,83095,72968,72475,8.02,#datascience #fullstack #code
YT_1170,YouTube,2026-01-14,11:15,Videos,Full Course: Building Modern Full-Stack Web Apps with Python & React (2026 Edition) #systemdesign #careerintech,6942,1686,833,91762,69229,72613,10.31,#systemdesign #careerintech
IG_1171,Instagram,2026-01-11,12:50,Posts,Swipe to see our full Q3 social growth playbook + exact posting schedules 📅 #reelsviral #marketingtips,1295,197,154,19942,17859,32596,8.25,#reelsviral #marketingtips
IG_1172,Instagram,2026-01-14,11:10,Reels,Top 3 Python libraries every data analyst MUST know in 2026 📊 Save this reel! #digitalmarketing #socialmedia #developercommunity #buildinpublic #aitools,5407,842,1362,51223,45472,32725,14.86,#digitalmarketing #socialmedia #developercommunity #buildinpublic #aitools
IG_1173,Instagram,2026-01-13,21:00,Images,Database indexing visualized: B-Trees explained simply 📚 #startup #reactjs #aitools #webdev,1170,154,262,27561,21877,32801,5.75,#startup #reactjs #aitools #webdev
YT_1174,YouTube,2026-01-13,22:20,Shorts,Top VS Code extensions every developer should install right now 🛠️ #youtubeshorts #programming #aitools,2296,418,232,68077,58781,72823,4.33,#youtubeshorts #programming #aitools
YT_1175,YouTube,2026-01-16,08:30,Shorts,Top VS Code extensions every developer should install right now 🛠️ #careerintech #pythonproject #systemdesign #datascience,3912,751,747,68535,59591,73052,7.89,#careerintech #pythonproject #systemdesign #datascience
YT_1176,YouTube,2026-01-17,11:50,Shorts,Don't make this rookie SQL mistake! ❌ Quick query optimization tip #shorts #shorts #programming,7257,1428,2048,79896,54340,73108,13.43,#shorts #programming
YT_1177,YouTube,2026-01-17,11:30,Shorts,Python one-liner to parse JSON data like a pro 🐍 #programming #youtubeshorts #datascience #pythonproject #aitools,14181,3114,1735,96243,71654,73052,19.77,#youtubeshorts #datascience #pythonproject #aitools
YT_1178,YouTube,2026-01-17,21:20,Shorts,Top VS Code extensions every developer should install right now 🛠️ #fullstack #softwareengineer #pythonproject,6155,1742,599,64975,44206,73252,13.08,#fullstack #softwareengineer #pythonproject
YT_1179,YouTube,2026-01-17,14:15,Shorts,Git stash explained in 15 seconds! Never lose your uncommitted changes again 💾 #datascience #pythonproject #youtubeshorts,5480,1354,407,59125,47727,73071,12.25,#datascience #pythonproject #youtubeshorts
YT_1180,YouTube,2026-01-17,14:15,Videos,Clean Code vs Quick Code: When Technical Debt Actually Makes Sense #careerintech #youtubeshorts #pythonproject #shorts,4803,1061,863,68934,60235,73024,9.76,#careerintech #youtubeshorts #pythonproject #shorts
IG_1181,Instagram,2026-01-20,12:30,Reels,This secret tool turns CSV files into interactive charts instantly! 📈 #marketingtips #digitalmarketing,1125,209,176,31178,22887,32835,4.84,#marketingtips #digitalmarketing
IG_1182,Instagram,2026-01-18,20:00,Posts,The ultimate guide to building accessible web applications (WCAG 2.2 compliant) 🌐 #buildinpublic #contentcreator #socialmedia,3054,464,248,40535,32337,32901,9.29,#buildinpublic #contentcreator #socialmedia
YT_1183,YouTube,2026-01-18,21:50,Videos,Why Senior Developers Write LESS Code (Software Architecture Principles) #datascience #shorts,7343,1559,2181,106044,85367,73368,10.45,#datascience #shorts
YT_1184,YouTube,2026-01-22,13:40,Shorts,Git stash explained in 15 seconds! Never lose your uncommitted changes again 💾 #devlife #aitools #softwareengineer #youtubeshorts #systemdesign,5630,1407,1549,90821,68686,73478,9.45,#devlife #aitools #softwareengineer #youtubeshorts #systemdesign
IG_1185,Instagram,2026-01-20,10:15,Posts,Deep-dive: Why your engagement rate dropped and 4 actionable steps to fix it 📉➡️📈 #webdev #reactjs #socialmedia #codinglife #designinspiration,2437,347,563,34969,31398,33139,9.57,#webdev #reactjs #socialmedia #codinglife #designinspiration
IG_1186,Instagram,2026-01-20,21:30,Posts,Carousel: 7 critical lessons learned from building 12 SaaS products in 12 months 💼 #techtrends #contentcreator #growthmindset #aitools #buildinpublic,575,66,79,15284,12988,33014,4.71,#techtrends #contentcreator #growthmindset #aitools #buildinpublic
YT_1187,YouTube,2026-01-21,21:40,Videos,Clean Code vs Quick Code: When Technical Debt Actually Makes Sense #code #machinelearning #shorts #pythonproject,7746,1908,1051,121614,85434,73669,8.8,#code #machinelearning #shorts #pythonproject
YT_1188,YouTube,2026-01-21,10:10,Videos,Clean Code vs Quick Code: When Technical Debt Actually Makes Sense #softwareengineer #fullstack #aitools #machinelearning #techreview,8163,1770,1121,76455,58151,73711,14.46,#softwareengineer #fullstack #aitools #machinelearning #techreview
IG_1189,Instagram,2026-01-23,20:10,Posts,Deep-dive: Why your engagement rate dropped and 4 actionable steps to fix it 📉➡️📈 #reelsviral #buildinpublic,1902,228,200,29251,25830,33180,7.97,#reelsviral #buildinpublic
IG_1190,Instagram,2026-01-25,19:15,Images,Infographic: Social media engagement benchmarks by industry 📊 #codinglife #designinspiration #buildinpublic #startup #learninpublic,2609,380,640,39522,34621,33298,9.18,#codinglife #designinspiration #buildinpublic #startup #learninpublic
IG_1191,Instagram,2026-01-23,14:00,Reels,Behind the scenes of deploying a production cloud architecture ☁️ Check the bio link! #designinspiration #socialmedia,1833,212,317,25997,22785,33259,9.09,#designinspiration #socialmedia
IG_1192,Instagram,2026-01-27,20:20,Reels,React hooks explained simply: useState vs useReducer vs useContext ⚡ #reactjs #learninpublic #buildinpublic,2195,268,304,21814,15911,33452,12.68,#reactjs #learninpublic #buildinpublic
IG_1193,Instagram,2026-01-25,19:00,Reels,5 Developer productivity hacks that saved me 10 hours this week! 🚀 Which one are you trying first? #digitalmarketing #reelsviral #contentcreator #developercommunity #socialmedia,10224,1498,1435,62317,48484,33239,21.11,#digitalmarketing #reelsviral #contentcreator #developercommunity #socialmedia
IG_1194,Instagram,2026-01-27,17:40,Reels,How we scaled our database queries to handle 1M+ analytics requests ⚙️ #socialmedia #reactjs,4051,743,727,46879,38753,33489,11.78,#socialmedia #reactjs
IG_1195,Instagram,2026-01-28,17:10,Reels,Top 3 Python libraries every data analyst MUST know in 2026 📊 Save this reel! #digitalmarketing #reactjs #aitools,6947,1198,770,58653,51171,33298,15.2,#digitalmarketing #reactjs #aitools
YT_1196,YouTube,2026-01-28,19:40,Shorts,"JavaScript Array methods you should master: map, filter, reduce 💥 #techreview #pythonproject",16356,3739,2220,115831,95291,74092,19.27,#techreview #pythonproject
YT_1197,YouTube,2026-01-29,23:30,Videos,I Built an AI-Powered Social Media Dashboard from Scratch - Complete Breakdown #machinelearning #tutorial,2994,622,439,74327,61883,74229,5.46,#machinelearning #tutorial
IG_1198,Instagram,2026-01-29,18:20,Reels,Top 3 Python libraries every data analyst MUST know in 2026 📊 Save this reel! #designinspiration #buildinpublic #marketingtips #webdev,4003,595,365,54432,48957,33277,9.12,#designinspiration #buildinpublic #marketingtips #webdev
YT_1199,YouTube,2026-01-30,11:30,Videos,Data Analytics with Pandas and SQLite: Real-World Business Intelligence Project #fullstack #techreview #machinelearning #tutorial,6623,1287,600,76427,53205,74111,11.13,#fullstack #techreview #machinelearning #tutorial
IG_1200,Instagram,2026-01-30,08:30,Images,"UI/UX Design Tips: Color contrast, typography hierarchy, and spacing 🎨 #digitalmarketing #developercommunity",774,105,221,19920,17995,33522,5.52,#digitalmarketing #developercommunity
IG_1201,Instagram,2026-01-31,23:45,Reels,5 Developer productivity hacks that saved me 10 hours this week! 🚀 Which one are you trying first? #webdev #growthmindset,1169,135,283,21815,16132,33680,7.27,#webdev #growthmindset
IG_1202,Instagram,2026-02-02,23:20,Posts,The ultimate guide to building accessible web applications (WCAG 2.2 compliant) 🌐 #reelsviral #designinspiration #webdev,438,61,126,11305,10087,33533,5.53,#reelsviral #designinspiration #webdev
YT_1203,YouTube,2026-01-30,11:15,Videos,Clean Code vs Quick Code: When Technical Debt Actually Makes Sense #fullstack #aitools,5667,1737,1131,110036,87895,74280,7.76,#fullstack #aitools
IG_1204,Instagram,2026-02-03,21:10,Reels,This secret tool turns CSV files into interactive charts instantly! 📈 #codinglife #learninpublic #reelsviral,1520,267,176,25172,18606,33722,7.8,#codinglife #learninpublic #reelsviral
IG_1205,Instagram,2026-01-31,10:50,Posts,Swipe to see our full Q3 social growth playbook + exact posting schedules 📅 #reactjs #buildinpublic #startup,1633,272,114,25037,18789,33528,8.06,#reactjs #buildinpublic #startup
IG_1206,Instagram,2026-02-01,10:50,Reels,Stop writing messy CSS! Here's how Tailwind CSS cleans up your code in seconds 💡 #contentcreator #learninpublic,3405,542,683,30387,23213,33820,15.24,#contentcreator #learninpublic
IG_1207,Instagram,2026-02-02,15:20,Reels,A day in the life of a software engineer working remotely from Lisbon ☕💻 #growthmindset #buildinpublic,1460,299,216,19818,14790,33863,9.97,#growthmindset #buildinpublic
YT_1208,YouTube,2026-02-02,18:30,Videos,System Design Interview: How to Design YouTube & Instagram at Global Scale #fullstack #machinelearning #softwareengineer #devlife #systemdesign,7229,2355,1409,97007,68158,74615,11.33,#fullstack #machinelearning #softwareengineer #devlife #systemdesign
IG_1209,Instagram,2026-02-06,22:30,Reels,How we scaled our database queries to handle 1M+ analytics requests ⚙️ #learninpublic #developercommunity #socialmedia #reelsviral #startup,1267,237,287,25533,22689,33591,7.01,#learninpublic #developercommunity #socialmedia #reelsviral #startup
IG_1210,Instagram,2026-02-05,15:15,Posts,The ultimate guide to building accessible web applications (WCAG 2.2 compliant) 🌐 #startup #techtrends #reelsviral,2063,215,389,22663,19875,33896,11.77,#startup #techtrends #reelsviral
YT_1211,YouTube,2026-02-07,08:15,Shorts,Git stash explained in 15 seconds! Never lose your uncommitted changes again 💾 #programming #datascience #softwareengineer #shorts,3416,963,435,74625,56763,74809,6.45,#programming #datascience #softwareengineer #shorts
IG_1212,Instagram,2026-02-08,20:00,Posts,Carousel: 7 critical lessons learned from building 12 SaaS products in 12 months 💼 #buildinpublic #socialmedia #reactjs #startup #designinspiration,8103,1397,1059,60243,50672,33646,17.53,#buildinpublic #socialmedia #reactjs #startup #designinspiration
IG_1213,Instagram,2026-02-05,22:20,Reels,AI coding agents just got 10x better. Here is what you need to know today! 🤖 #learninpublic #startup #webdev #marketingtips #aitools,1811,281,184,21346,16809,34013,10.66,#learninpublic #startup #webdev #marketingtips #aitools
IG_1214,Instagram,2026-02-07,19:15,Reels,Top 3 Python libraries every data analyst MUST know in 2026 📊 Save this reel! #codinglife #marketingtips #buildinpublic,2602,275,414,40857,30896,33851,8.05,#codinglife #marketingtips #buildinpublic
YT_1215,YouTube,2026-02-07,22:50,Shorts,The difference between reach and impressions explained in 20 seconds! ⏱️ #shorts #code #pythonproject #devlife #systemdesign,4806,1270,1066,64780,50636,74971,11.03,#shorts #code #pythonproject #devlife #systemdesign
YT_1216,YouTube,2026-02-10,18:40,Videos,REST API vs GraphQL vs gRPC: The Definitive Comparison for 2026 #softwareengineer #fullstack #datascience,3947,791,545,50578,38568,74950,10.45,#softwareengineer #fullstack #datascience
YT_1217,YouTube,2026-02-09,17:20,Shorts,The difference between reach and impressions explained in 20 seconds! ⏱️ #code #devlife #pythonproject,2458,633,304,43794,32865,75176,7.75,#code #devlife #pythonproject
IG_1218,Instagram,2026-02-10,16:00,Images,Architecture diagram: Microservices vs Monolith trade-offs in 2026 🏗️ #aitools #contentcreator,447,60,102,15502,13371,33777,3.93,#aitools #contentcreator
YT_1219,YouTube,2026-02-11,21:00,Shorts,What is API rate limiting and why do platforms enforce it? 🚦 #youtubeshorts #techreview #aitools #pythonproject #code,29874,5895,3861,164703,119824,75064,24.06,#youtubeshorts #techreview #aitools #pythonproject #code
YT_1220,YouTube,2026-02-13,18:00,Shorts,Don't make this rookie SQL mistake! ❌ Quick query optimization tip #shorts #programming #techreview #careerintech #machinelearning,17378,4346,2377,136807,110748,75115,17.62,#programming #techreview #careerintech #machinelearning
YT_1221,YouTube,2026-02-12,10:30,Shorts,The difference between reach and impressions explained in 20 seconds! ⏱️ #fullstack #shorts,8171,2092,2294,79784,56821,75269,15.74,#fullstack #shorts
YT_1222,YouTube,2026-02-13,17:50,Videos,Clean Code vs Quick Code: When Technical Debt Actually Makes Sense #careerintech #pythonproject,5699,1481,1317,87251,68415,75262,9.74,#careerintech #pythonproject
IG_1223,Instagram,2026-02-12,18:20,Reels,Top 3 Python libraries every data analyst MUST know in 2026 📊 Save this reel! #startup #reactjs #buildinpublic,6101,974,471,42516,36015,34260,17.75,#startup #reactjs #buildinpublic
YT_1224,YouTube,2026-02-14,10:40,Shorts,How recommendation algorithms decide what shows up on your feed 🧠 #shorts #code #careerintech #datascience,11544,2931,2627,99715,68680,75463,17.15,#shorts #code #careerintech #datascience
YT_1225,YouTube,2026-02-13,14:45,Videos,REST API vs GraphQL vs gRPC: The Definitive Comparison for 2026 #programming #code,6663,1906,1537,88155,67619,75609,11.46,#programming #code
IG_1226,Instagram,2026-02-13,09:30,Images,Frontend Roadmap 2026: From HTML/CSS fundamentals to Next.js and WebGL 🗺️ #webdev #designinspiration,663,79,147,19041,15172,34082,4.67,#webdev #designinspiration
IG_1227,Instagram,2026-02-14,06:15,Images,Clean code checklist before opening any Pull Request ✅ Tag a teammate! #developercommunity #aitools,279,49,46,9921,8585,34326,3.77,#developercommunity #aitools
IG_1228,Instagram,2026-02-15,23:10,Images,Workspace setup refresh! Natural light + mechanical keyboard = 100% focus 🎧 #learninpublic #socialmedia #reactjs #buildinpublic,418,53,43,10596,8830,34072,4.85,#learninpublic #socialmedia #reactjs #buildinpublic
YT_1229,YouTube,2026-02-17,21:30,Shorts,The difference between reach and impressions explained in 20 seconds! ⏱️ #programming #techreview #softwareengineer,3694,1082,165,85545,67876,75549,5.78,#programming #techreview #softwareengineer
IG_1230,Instagram,2026-02-16,10:10,Images,Architecture diagram: Microservices vs Monolith trade-offs in 2026 🏗️ #startup #techtrends #designinspiration,582,95,129,19402,15020,34115,4.15,#startup #techtrends #designinspiration
IG_1231,Instagram,2026-02-17,18:20,Images,Database indexing visualized: B-Trees explained simply 📚 #socialmedia #techtrends #growthmindset,1497,204,215,29259,22604,34188,6.55,#socialmedia #techtrends #growthmindset
IG_1232,Instagram,2026-02-19,10:30,Reels,How we scaled our database queries to handle 1M+ analytics requests ⚙️ #reactjs #buildinpublic,6716,1291,524,45908,39452,34171,18.58,#reactjs #buildinpublic
YT_1233,YouTube,2026-02-20,12:00,Shorts,How recommendation algorithms decide what shows up on your feed 🧠 #aitools #careerintech #tutorial #datascience #fullstack,7649,1380,1668,116269,98995,75764,9.2,#aitools #careerintech #tutorial #datascience #fullstack
IG_1234,Instagram,2026-02-19,08:30,Reels,This secret tool turns CSV files into interactive charts instantly! 📈 #techtrends #developercommunity #designinspiration,4964,992,1088,36537,31388,34487,19.28,#techtrends #developercommunity #designinspiration
IG_1235,Instagram,2026-02-20,14:20,Reels,A day in the life of a software engineer working remotely from Lisbon ☕💻 #designinspiration #startup #socialmedia #buildinpublic #reelsviral,1402,224,151,32632,27423,34340,5.45,#designinspiration #startup #socialmedia #buildinpublic #reelsviral
IG_1236,Instagram,2026-02-22,10:10,Reels,A day in the life of a software engineer working remotely from Lisbon ☕💻 #aitools #techtrends #buildinpublic,5878,764,1560,53605,44749,34376,15.3,#aitools #techtrends #buildinpublic
IG_1237,Instagram,2026-02-21,11:20,Images,Architecture diagram: Microservices vs Monolith trade-offs in 2026 🏗️ #buildinpublic #aitools #techtrends,1147,166,163,23460,19026,34593,6.29,#buildinpublic #aitools #techtrends
IG_1238,Instagram,2026-02-21,21:00,Reels,How we scaled our database queries to handle 1M+ analytics requests ⚙️ #marketingtips #contentcreator #digitalmarketing,3538,607,248,35944,32498,34342,12.22,#marketingtips #contentcreator #digitalmarketing
YT_1239,YouTube,2026-02-22,20:50,Shorts,The difference between reach and impressions explained in 20 seconds! ⏱️ #systemdesign #fullstack #techreview,25488,7166,4589,184058,131854,76023,20.23,#systemdesign #fullstack #techreview
IG_1240,Instagram,2026-02-22,19:30,Images,Architecture diagram: Microservices vs Monolith trade-offs in 2026 🏗️ #codinglife #reactjs,2814,445,223,46649,38954,34558,7.46,#codinglife #reactjs
YT_1241,YouTube,2026-02-22,11:00,Shorts,"JavaScript Array methods you should master: map, filter, reduce 💥 #datascience #systemdesign #shorts #pythonproject #code",11046,2951,1207,131444,110138,76269,11.57,#datascience #systemdesign #shorts #pythonproject #code
YT_1242,YouTube,2026-02-23,17:50,Shorts,Top VS Code extensions every developer should install right now 🛠️ #softwareengineer #techreview,3727,677,736,50369,41394,76378,10.2,#softwareengineer #techreview
IG_1243,Instagram,2026-02-25,10:30,Images,Database indexing visualized: B-Trees explained simply 📚 #reactjs #buildinpublic #startup #codinglife,1704,324,246,23542,19994,34664,9.66,#reactjs #buildinpublic #startup #codinglife
IG_1244,Instagram,2026-02-27,17:20,Reels,A day in the life of a software engineer working remotely from Lisbon ☕💻 #growthmindset #learninpublic #startup,3309,600,258,44333,32764,34628,9.4,#growthmindset #learninpublic #startup
YT_1245,YouTube,2026-02-25,09:15,Shorts,The difference between reach and impressions explained in 20 seconds! ⏱️ #devlife #techreview #fullstack #youtubeshorts #pythonproject,5334,1243,280,64087,44063,76384,10.7,#devlife #techreview #fullstack #youtubeshorts #pythonproject
IG_1246,Instagram,2026-02-25,08:50,Images,"UI/UX Design Tips: Color contrast, typography hierarchy, and spacing 🎨 #codinglife #buildinpublic",1654,295,224,25103,19003,34786,8.66,#codinglife #buildinpublic
YT_1247,YouTube,2026-02-28,09:30,Shorts,Python one-liner to parse JSON data like a pro 🐍 #programming #careerintech #fullstack #datascience #aitools,9547,2170,691,81220,55479,76552,15.28,#careerintech #fullstack #datascience #aitools
YT_1248,YouTube,2026-02-28,17:45,Shorts,Top VS Code extensions every developer should install right now 🛠️ #devlife #fullstack #techreview #shorts #softwareengineer,2938,761,102,50693,35205,76489,7.5,#devlife #fullstack #techreview #shorts #softwareengineer
YT_1249,YouTube,2026-03-01,19:50,Shorts,Top VS Code extensions every developer should install right now 🛠️ #careerintech #machinelearning #aitools #systemdesign,26642,5028,3734,178782,130790,76750,19.8,#careerintech #machinelearning #aitools #systemdesign
YT_1250,YouTube,2026-03-03,23:00,Shorts,How recommendation algorithms decide what shows up on your feed 🧠 #softwareengineer #youtubeshorts #fullstack,1837,377,446,51252,40535,76844,5.19,#softwareengineer #youtubeshorts #fullstack
